Time,Sensor 1,Sensor 2,Type,Concentration
1,0.399250616,0.408195112,3,0.5
2,0.399339459,0.407887832,3,0.5
3,0.399357285,0.407075724,3,0.5
4,0.398571563,0.406654957,3,0.5
5,0.398057967,0.406302563,3,0.5
6,0.39844234,0.40670304,3,0.5
7,0.398615613,0.406562254,3,0.5
8,0.39862576,0.40653123,3,0.5
9,0.398643591,0.406468337,3,0.5
10,0.398579168,0.406603479,3,0.5
11,0.398485681,0.406334397,3,0.5
12,0.397453038,0.406537744,3,0.5
13,0.397514678,0.407472034,3,0.5
14,0.39768286,0.408193549,3,0.5
15,0.3978273,0.409048094,3,0.5
16,0.397844088,0.409797269,3,0.5
17,0.39784055,0.410798794,3,0.5
18,0.397249936,0.411367269,3,0.5
19,0.396983701,0.412525114,3,0.5
20,0.396569257,0.414477196,3,0.5
21,0.397211964,0.416206321,3,0.5
22,0.397327298,0.417860456,3,0.5
23,0.397420962,0.419682803,3,0.5
24,0.397495676,0.421554074,3,0.5
25,0.397894546,0.423108433,3,0.5
26,0.396945439,0.424996437,3,0.5
27,0.39663877,0.427429702,3,0.5
28,0.397240061,0.43004702,3,0.5
29,0.397626274,0.432452097,3,0.5
30,0.397920331,0.434840458,3,0.5
31,0.398197955,0.43748336,3,0.5
32,0.398436564,0.43990656,3,0.5
33,0.398576073,0.442377877,3,0.5
34,0.397923161,0.445150318,3,0.5
35,0.398468676,0.448625795,3,0.5
36,0.399066742,0.451809509,3,0.5
37,0.399542975,0.45495316,3,0.5
38,0.400076695,0.458176089,3,0.5
39,0.400684967,0.46138489,3,0.5
40,0.400569927,0.464042255,3,0.5
41,0.40072591,0.467193237,3,0.5
42,0.400861801,0.471136564,3,0.5
43,0.401995168,0.474662884,3,0.5
44,0.402775228,0.478180578,3,0.5
45,0.403567739,0.481661655,3,0.5
46,0.404338202,0.485059777,3,0.5
47,0.405220134,0.4885225,3,0.5
48,0.405018383,0.491655648,3,0.5
49,0.40546075,0.495781521,3,0.5
50,0.406760196,0.499707488,3,0.5
51,0.407757216,0.503501753,3,0.5
52,0.40869109,0.507181443,3,0.5
53,0.409707848,0.510944575,3,0.5
54,0.410692822,0.513989611,3,0.5
55,0.411085856,0.517715684,3,0.5
56,0.411648778,0.521486374,3,0.5
57,0.413048392,0.525922217,3,0.5
58,0.414253148,0.529712246,3,0.5
59,0.415492399,0.533443304,3,0.5
60,0.416827257,0.537130325,3,0.5
61,0.417941111,0.54086996,3,0.5
62,0.418664236,0.54378056,3,0.5
63,0.419502242,0.547226927,3,0.5
64,0.42044191,0.551512651,3,0.5
65,0.422414398,0.55499292,3,0.5
66,0.423817615,0.558329188,3,0.5
67,0.425270087,0.561735562,3,0.5
68,0.426671443,0.565077412,3,0.5
69,0.428116142,0.568344926,3,0.5
70,0.428493408,0.570862385,3,0.5
71,0.429515303,0.574722977,3,0.5
72,0.431481048,0.578287678,3,0.5
73,0.433104309,0.581516052,3,0.5
74,0.434559793,0.584784547,3,0.5
75,0.436133836,0.588107619,3,0.5
76,0.437622264,0.590582718,3,0.5
77,0.438397867,0.593430918,3,0.5
78,0.439428251,0.596069281,3,0.5
79,0.441333837,0.599188895,3,0.5
80,0.443168815,0.601090859,3,0.5
81,0.444702321,0.602535071,3,0.5
82,0.44630496,0.603726246,3,0.5
83,0.447746571,0.604587673,3,0.5
84,0.448631072,0.603987759,3,0.5
85,0.449817094,0.603902677,3,0.5
86,0.451335309,0.604182744,3,0.5
87,0.453449783,0.603571031,3,0.5
88,0.455037584,0.602566163,3,0.5
89,0.456688394,0.601649264,3,0.5
90,0.458217592,0.600650624,3,0.5
91,0.459459244,0.599748886,3,0.5
92,0.460234552,0.597810803,3,0.5
93,0.461303711,0.597213163,3,0.5
94,0.463188229,0.595988126,3,0.5
95,0.464837784,0.594701493,3,0.5
96,0.466192967,0.593397037,3,0.5
97,0.467506115,0.592109013,3,0.5
98,0.46857379,0.590136938,3,0.5
99,0.4688694,0.588639097,3,0.5
100,0.469425483,0.587089139,3,0.5
101,0.470661274,0.586522839,3,0.5
102,0.471938635,0.585165508,3,0.5
103,0.472981101,0.583851276,3,0.5
104,0.473953093,0.582495638,3,0.5
105,0.474816214,0.581054481,3,0.5
106,0.474946667,0.578916729,3,0.5
107,0.475156818,0.577228274,3,0.5
108,0.475359599,0.576705685,3,0.5
109,0.476833922,0.575401699,3,0.5
110,0.477624111,0.574218061,3,0.5
111,0.478350669,0.572856864,3,0.5
112,0.478829987,0.571410988,3,0.5
113,0.47910215,0.570134694,3,0.5
114,0.478680094,0.567779307,3,0.5
115,0.478589071,0.566834137,3,0.5
116,0.479423963,0.565319041,3,0.5
117,0.479806288,0.563779772,3,0.5
118,0.480185774,0.562241153,3,0.5
119,0.480380878,0.560771293,3,0.5
120,0.48050364,0.558522433,3,0.5
121,0.479815597,0.556982501,3,0.5
122,0.479255051,0.555400463,3,0.5
123,0.47960734,0.554622889,3,0.5
124,0.479866552,0.553269088,3,0.5
125,0.480083321,0.551998846,3,0.5
126,0.480164678,0.550806801,3,0.5
127,0.480136569,0.549578986,3,0.5
128,0.47927905,0.547866657,3,0.5
129,0.478847986,0.54639953,3,0.5
130,0.478298086,0.545602103,3,0.5
131,0.478732346,0.544253081,3,0.5
132,0.478853916,0.542755107,3,0.5
133,0.478731791,0.541327907,3,0.5
134,0.478475161,0.539843819,3,0.5
135,0.478124573,0.538685019,3,0.5
136,0.477041482,0.536342374,3,0.5
137,0.47632332,0.535689404,3,0.5
138,0.476603183,0.534487181,3,0.5
139,0.476423182,0.53312492,3,0.5
140,0.476123346,0.531814424,3,0.5
141,0.475884002,0.530703195,3,0.5
142,0.475516406,0.528814561,3,0.5
143,0.474378882,0.527489422,3,0.5
144,0.47351293,0.526156888,3,0.5
145,0.473542723,0.52561019,3,0.5
146,0.473330006,0.524536131,3,0.5
147,0.473062215,0.523514445,3,0.5
148,0.472679255,0.522379563,3,0.5
149,0.472042944,0.521267217,3,0.5
150,0.470955198,0.519525682,3,0.5
151,0.470077161,0.518284499,3,0.5
152,0.469312851,0.517851979,3,0.5
153,0.469531412,0.51674957,3,0.5
154,0.469132049,0.515649376,3,0.5
155,0.468837533,0.514476993,3,0.5
156,0.46831088,0.513141401,3,0.5
157,0.467967646,0.511870117,3,0.5
158,0.467351916,0.510282344,3,0.5
159,0.467056025,0.509524958,3,0.5
160,0.467307928,0.508498468,3,0.5
161,0.46728877,0.507370147,3,0.5
162,0.467004304,0.506051618,3,0.5
163,0.466663617,0.504806541,3,0.5
164,0.46615343,0.503019715,3,0.5
165,0.464878321,0.501652066,3,0.5
166,0.463839365,0.500423174,3,0.5
167,0.463659486,0.499952506,3,0.5
168,0.463406997,0.498883327,3,0.5
169,0.463002931,0.497795933,3,0.5
170,0.462557469,0.496628076,3,0.5
171,0.462052854,0.495438757,3,0.5
172,0.460903656,0.493792647,3,0.5
173,0.459964279,0.492652232,3,0.5
174,0.459116558,0.492450069,3,0.5
175,0.459361477,0.491627059,3,0.5
176,0.459080587,0.490806883,3,0.5
177,0.458672039,0.489828284,3,0.5
178,0.458216749,0.488771188,3,0.5
179,0.457075216,0.487055025,3,0.5
180,0.456231837,0.48569764,3,0.5
181,0.45536384,0.48528637,3,0.5
182,0.455523859,0.484264748,3,0.5
183,0.455240335,0.483302662,3,0.5
184,0.454905123,0.482176796,3,0.5
185,0.454397198,0.481225318,3,0.5
186,0.453936272,0.479626155,3,0.5
187,0.452760663,0.478531033,3,0.5
188,0.451760257,0.477547124,3,0.5
189,0.451622477,0.477164034,3,0.5
190,0.451418088,0.476303027,3,0.5
191,0.451113017,0.475353839,3,0.5
192,0.450698477,0.474353896,3,0.5
193,0.450343535,0.473414848,3,0.5
194,0.449290955,0.471927793,3,0.5
195,0.448434472,0.470884667,3,0.5
196,0.447689821,0.470584168,3,0.5
197,0.447979077,0.469717795,3,0.5
198,0.44764275,0.468818156,3,0.5
199,0.44735554,0.46789828,3,0.5
200,0.446946236,0.466985784,3,0.5
201,0.445958965,0.466022377,3,0.5
202,0.444955285,0.464550009,3,0.5
203,0.444212809,0.464201979,3,0.5
204,0.444357119,0.463477473,3,0.5
205,0.444229374,0.462694913,3,0.5
206,0.443958561,0.461809664,3,0.5
207,0.44363501,0.461007268,3,0.5
208,0.443275684,0.459610223,3,0.5
209,0.442129047,0.458604942,3,0.5
210,0.441262227,0.457772563,3,0.5
211,0.441250442,0.457501843,3,0.5
212,0.441079246,0.456708142,3,0.5
213,0.440849424,0.455864193,3,0.5
214,0.4405962,0.455038692,3,0.5
215,0.440186026,0.45422158,3,0.5
216,0.439066462,0.452744025,3,0.5
217,0.438342599,0.451755915,3,0.5
218,0.437594854,0.451566018,3,0.5
219,0.438061223,0.450829199,3,0.5
220,0.437883323,0.450057057,3,0.5
221,0.437726635,0.449261959,3,0.5
222,0.437428625,0.448507661,3,0.5
223,0.437345274,0.447615723,3,0.5
224,0.435915406,0.446301689,3,0.5
225,0.435162064,0.445975394,3,0.5
226,0.435135831,0.445463178,3,0.5
227,0.435015787,0.444773973,3,0.5
228,0.434803315,0.444012906,3,0.5
229,0.434626645,0.443272691,3,0.5
230,0.434188448,0.441962338,3,0.5
231,0.433026565,0.441181339,3,0.5
232,0.432203916,0.440403311,3,0.5
233,0.432258158,0.44036002,3,0.5
234,0.432177049,0.439732183,3,0.5
235,0.432008375,0.439079986,3,0.5
236,0.431806877,0.438385782,3,0.5
237,0.431442345,0.437759187,3,0.5
238,0.430396958,0.436364988,3,0.5
239,0.429843358,0.435493366,3,0.5
240,0.42933329,0.435369014,3,0.5
241,0.429698923,0.434806527,3,0.5
242,0.429592673,0.434168839,3,0.5
243,0.429410363,0.43350459,3,0.5
244,0.429189194,0.432809323,3,0.5
245,0.428351109,0.431853483,3,0.5
246,0.427722101,0.430856161,3,0.5
247,0.427076862,0.43064348,3,0.5
248,0.427300998,0.430082485,3,0.5
249,0.427285664,0.42939268,3,0.5
250,0.426991554,0.428611891,3,0.5
251,0.426588062,0.426955863,3,0.5
252,0.424852362,0.425553411,3,0.5
253,0.425002855,0.424413826,3,0.5
254,0.424576724,0.422202843,3,0.5
255,0.423249499,0.420991617,3,0.5
256,0.422691833,0.42065624,3,0.5
257,0.422693693,0.420100977,3,0.5
258,0.422627437,0.419506452,3,0.5
259,0.422496108,0.418756997,3,0.5
260,0.422367239,0.417497728,3,0.5
261,0.421260429,0.416964359,3,0.5
262,0.420641949,0.416410955,3,0.5
263,0.420884692,0.416359709,3,0.5
264,0.42091248,0.415926845,3,0.5
265,0.420852249,0.41551157,3,0.5
266,0.420723667,0.414964939,3,0.5
267,0.420544796,0.414453595,3,0.5
268,0.420208568,0.413284199,3,0.5
269,0.419047904,0.412624544,3,0.5
270,0.418948809,0.412646945,3,0.5
271,0.419091371,0.412241805,3,0.5
272,0.419110598,0.411689052,3,0.5
273,0.418984645,0.41115504,3,0.5
274,0.418913383,0.410617524,3,0.5
275,0.418207789,0.409594618,3,0.5
276,0.417598548,0.409043766,3,0.5
277,0.417054764,0.408912452,3,0.5
278,0.417369722,0.408579558,3,0.5
279,0.417446633,0.40817508,3,0.5
280,0.417390501,0.407695095,3,0.5
281,0.416133131,0.405936329,3,0.6
282,0.415460395,0.405510647,3,0.6
283,0.415733895,0.405529485,3,0.6
284,0.415796169,0.405025074,3,0.6
285,0.415701636,0.404582761,3,0.6
286,0.415649561,0.404201636,3,0.6
287,0.415462015,0.404049246,3,0.6
288,0.414565861,0.403310658,3,0.6
289,0.41413974,0.403223826,3,0.6
290,0.413889142,0.403917961,3,0.6
291,0.414264319,0.404269379,3,0.6
292,0.414260495,0.404708434,3,0.6
293,0.414177169,0.405157962,3,0.6
294,0.41400354,0.40594685,3,0.6
295,0.413363698,0.406435179,3,0.6
296,0.412800163,0.407484912,3,0.6
297,0.412421714,0.40931738,3,0.6
298,0.412733825,0.411433974,3,0.6
299,0.412962257,0.415723471,3,0.6
300,0.412906954,0.418101847,3,0.6
301,0.412186202,0.419956754,3,0.6
302,0.411850423,0.422497095,3,0.6
303,0.411474836,0.425947441,3,0.6
304,0.412184451,0.429052906,3,0.6
305,0.412380842,0.432335162,3,0.6
306,0.412507068,0.435745348,3,0.6
307,0.412658639,0.439437384,3,0.6
308,0.41304479,0.442663925,3,0.6
309,0.412233971,0.446244651,3,0.6
310,0.412041356,0.45018825,3,0.6
311,0.412628518,0.454813398,3,0.6
312,0.413276981,0.459083497,3,0.6
313,0.413769613,0.463490881,3,0.6
314,0.414195735,0.467843434,3,0.6
315,0.414571262,0.471757179,3,0.6
316,0.414655903,0.476286698,3,0.6
317,0.414546452,0.480918821,3,0.6
318,0.415441753,0.48614143,3,0.6
319,0.416337032,0.490867299,3,0.6
320,0.417257853,0.495643925,3,0.6
321,0.417977859,0.500202847,3,0.6
322,0.418895807,0.505015886,3,0.6
323,0.419128742,0.50922479,3,0.6
324,0.419883576,0.513874358,3,0.6
325,0.420590728,0.51925926,3,0.6
326,0.422296824,0.524139683,3,0.6
327,0.423557912,0.528797007,3,0.6
328,0.42484728,0.533505729,3,0.6
329,0.426106821,0.537965084,3,0.6
330,0.426806964,0.542426234,3,0.6
331,0.427724242,0.54647658,3,0.6
332,0.428725261,0.551743242,3,0.6
333,0.430653605,0.556540375,3,0.6
334,0.432297104,0.561264133,3,0.6
335,0.433999073,0.565874061,3,0.6
336,0.435621271,0.570767594,3,0.6
337,0.437275798,0.574852019,3,0.6
338,0.438216146,0.579384665,3,0.6
339,0.439410097,0.583707839,3,0.6
340,0.441480953,0.588781363,3,0.6
341,0.443459878,0.593250697,3,0.6
342,0.445411903,0.597382548,3,0.6
343,0.447251304,0.601525196,3,0.6
344,0.449133873,0.605688772,3,0.6
345,0.450255933,0.608980396,3,0.6
346,0.451756533,0.612888116,3,0.6
347,0.453381332,0.617794938,3,0.6
348,0.456073957,0.621913806,3,0.6
349,0.458151544,0.625986475,3,0.6
350,0.460154874,0.629769618,3,0.6
351,0.462178093,0.633661668,3,0.6
352,0.464493262,0.637079348,3,0.6
353,0.465276967,0.64052405,3,0.6
354,0.466989012,0.644187673,3,0.6
355,0.469567886,0.647488609,3,0.6
356,0.471810636,0.650232653,3,0.6
357,0.474053295,0.651798854,3,0.6
358,0.476182115,0.653013636,3,0.6
359,0.478306968,0.653320722,3,0.6
360,0.480243515,0.653117343,3,0.6
361,0.481376213,0.652809535,3,0.6
362,0.483873641,0.653121112,3,0.6
363,0.48632737,0.652395871,3,0.6
364,0.488607289,0.651071401,3,0.6
365,0.490740398,0.649545289,3,0.6
366,0.492931824,0.647760092,3,0.6
367,0.494265069,0.645169042,3,0.6
368,0.495933426,0.642992073,3,0.6
369,0.497475494,0.641793476,3,0.6
370,0.500166953,0.639846311,3,0.6
371,0.502040076,0.637715229,3,0.6
372,0.504041073,0.63573426,3,0.6
373,0.505901343,0.633557682,3,0.6
374,0.507559541,0.630657181,3,0.6
375,0.50826539,0.628350162,3,0.6
376,0.509157524,0.62625178,3,0.6
377,0.51094635,0.625074385,3,0.6
378,0.512539271,0.623243163,3,0.6
379,0.513957572,0.621307321,3,0.6
380,0.515166247,0.619289718,3,0.6
381,0.516109066,0.617718966,3,0.6
382,0.51638187,0.614689921,3,0.6
383,0.517059287,0.612666134,3,0.6
384,0.517618607,0.61153528,3,0.6
385,0.519212148,0.609914966,3,0.6
386,0.52014565,0.608164832,3,0.6
387,0.520907226,0.60659427,3,0.6
388,0.521549365,0.604882413,3,0.6
389,0.521280477,0.602686418,3,0.6
390,0.52140339,0.600884986,3,0.6
391,0.521335526,0.600114909,3,0.6
392,0.52239343,0.5986913,3,0.6
393,0.523013845,0.597004459,3,0.6
394,0.523489365,0.595064094,3,0.6
395,0.523697649,0.593105691,3,0.6
396,0.523986349,0.590450697,3,0.6
397,0.523201686,0.588590591,3,0.6
398,0.522784014,0.586844198,3,0.6
399,0.523357413,0.585902159,3,0.6
400,0.523669972,0.584314391,3,0.6
401,0.523805593,0.582733567,3,0.6
402,0.523958586,0.581088087,3,0.6
403,0.523810741,0.57973132,3,0.6
404,0.522900384,0.577096318,3,0.6
405,0.522072315,0.575469423,3,0.6
406,0.521850548,0.574646567,3,0.6
407,0.522130642,0.573252586,3,0.6
408,0.522076912,0.571969898,3,0.6
409,0.521845825,0.570635855,3,0.6
410,0.521593272,0.5691745,3,0.6
411,0.520505826,0.567261871,3,0.6
412,0.519685754,0.565220999,3,0.6
413,0.518835646,0.564469744,3,0.6
414,0.51889258,0.563083861,3,0.6
415,0.518747604,0.56159964,3,0.6
416,0.518505761,0.560246838,3,0.6
417,0.518135512,0.558890158,3,0.6
418,0.517660927,0.556635571,3,0.6
419,0.516292563,0.555251438,3,0.6
420,0.515235056,0.553628031,3,0.6
421,0.515405842,0.552977539,3,0.6
422,0.515185063,0.551440041,3,0.6
423,0.514732873,0.549969538,3,0.6
424,0.514088661,0.548595509,3,0.6
425,0.514236564,0.547195233,3,0.6
426,0.513391424,0.545082291,3,0.6
427,0.512529768,0.543522246,3,0.6
428,0.511749792,0.542923563,3,0.6
429,0.512005288,0.541626403,3,0.6
430,0.511569754,0.54019462,3,0.6
431,0.510941042,0.538963475,3,0.6
432,0.510622594,0.537563615,3,0.6
433,0.509429692,0.53608991,3,0.6
434,0.508157464,0.534069375,3,0.6
435,0.507091887,0.533355581,3,0.6
436,0.506917375,0.532061693,3,0.6
437,0.506516518,0.530752599,3,0.6
438,0.505814798,0.529409017,3,0.6
439,0.50512652,0.528007106,3,0.6
440,0.504450912,0.525988008,3,0.6
441,0.502989626,0.524786097,3,0.6
442,0.501901473,0.523517756,3,0.6
443,0.501600795,0.522904093,3,0.6
444,0.501237941,0.521635825,3,0.6
445,0.500765853,0.520405274,3,0.6
446,0.500146137,0.519077121,3,0.6
447,0.499425679,0.518002079,3,0.6
448,0.498225595,0.51576628,3,0.6
449,0.496908349,0.514423058,3,0.6
450,0.496217223,0.513795089,3,0.6
451,0.496075019,0.512686587,3,0.6
452,0.495584086,0.511465808,3,0.6
453,0.49499086,0.510231021,3,0.6
454,0.49437655,0.509004029,3,0.6
455,0.493867056,0.507467378,3,0.6
456,0.491991098,0.505764842,3,0.6
457,0.490853235,0.505007286,3,0.6
458,0.490827763,0.504097113,3,0.6
459,0.490386508,0.50299774,3,0.6
460,0.48981138,0.501860683,3,0.6
461,0.489143617,0.500973938,3,0.6
462,0.488520222,0.499504698,3,0.6
463,0.487381746,0.498555902,3,0.6
464,0.486013007,0.49739985,3,0.6
465,0.485713945,0.496876368,3,0.6
466,0.485328782,0.495916156,3,0.6
467,0.484906242,0.49473248,3,0.6
468,0.484351502,0.493368477,3,0.6
469,0.48370588,0.49213583,3,0.6
470,0.482281514,0.490390033,3,0.6
471,0.48135813,0.489099279,3,0.6
472,0.480459724,0.488502157,3,0.6
473,0.48064352,0.487442719,3,0.6
474,0.480183448,0.48635466,3,0.6
475,0.479646418,0.485313951,3,0.6
476,0.479216798,0.484099367,3,0.6
477,0.478806492,0.482753953,3,0.6
478,0.477113623,0.481425661,3,0.6
479,0.476143715,0.480635889,3,0.6
480,0.476080507,0.479819796,3,0.6
481,0.475569351,0.478973059,3,0.6
482,0.47522787,0.478072432,3,0.6
483,0.474668809,0.477093635,3,0.6
484,0.474065933,0.475451708,3,0.6
485,0.472036669,0.473488105,3,0.6
486,0.471242428,0.472394774,3,0.6
487,0.47038066,0.470133023,3,0.6
488,0.469040649,0.466798257,3,0.6
489,0.466954379,0.465701128,3,0.6
490,0.466440329,0.463886278,3,0.6
491,0.465676273,0.461800536,3,0.6
492,0.464140372,0.460779835,3,0.6
493,0.463114422,0.459755082,3,0.6
494,0.462996073,0.459389921,3,0.6
495,0.462739763,0.458531356,3,0.6
496,0.462451949,0.457669247,3,0.6
497,0.461989976,0.456816686,3,0.6
498,0.461520822,0.455882617,3,0.6
499,0.460344102,0.454464076,3,0.6
500,0.459549184,0.453483102,3,0.6
501,0.458619652,0.453151521,3,0.6
502,0.458957256,0.452410778,3,0.6
503,0.458695984,0.451653433,3,0.6
504,0.458366894,0.45084434,3,0.6
505,0.457927992,0.45003011,3,0.6
506,0.457712351,0.448833143,3,0.6
507,0.456166456,0.447842228,3,0.6
508,0.455346782,0.447331867,3,0.6
509,0.455389404,0.446853721,3,0.6
510,0.45516075,0.446181841,3,0.6
511,0.454870485,0.445405838,3,0.6
512,0.454495285,0.444609502,3,0.6
513,0.454154795,0.443282875,3,0.6
514,0.453144341,0.44261775,3,0.6
515,0.452089445,0.442001907,3,0.6
516,0.451939846,0.441959616,3,0.6
517,0.451849616,0.441427167,3,0.6
518,0.451567281,0.440773606,3,0.6
519,0.451313622,0.440188118,3,0.6
520,0.450993457,0.43952402,3,0.6
521,0.4499673,0.438345526,3,0.6
522,0.449302164,0.437526057,3,0.6
523,0.448567744,0.437285053,3,0.6
524,0.448854066,0.436605935,3,0.6
525,0.448602818,0.435845609,3,0.6
526,0.448436203,0.435097109,3,0.6
527,0.448165342,0.434294232,3,0.6
528,0.448073488,0.433323465,3,0.6
529,0.446652637,0.432227875,3,0.6
530,0.445806949,0.431899444,3,0.6
531,0.445979114,0.431419539,3,0.6
532,0.445847484,0.430735142,3,0.6
533,0.445661139,0.430087058,3,0.6
534,0.445351693,0.429393707,3,0.6
535,0.445018045,0.428179996,3,0.6
536,0.44394496,0.427457347,3,0.6
537,0.443144594,0.426727436,3,0.6
538,0.443101841,0.426651537,3,0.6
539,0.443052741,0.426117024,3,0.6
540,0.442870794,0.425552994,3,0.6
541,0.442631528,0.424980313,3,0.6
542,0.442283236,0.424330311,3,0.6
543,0.441289292,0.423273556,3,0.6
544,0.44075954,0.422558775,3,0.6
545,0.440161093,0.422456198,3,0.6
546,0.440503107,0.421897301,3,0.6
547,0.440382853,0.421341006,3,0.6
548,0.44029811,0.420845888,3,0.6
549,0.440043603,0.420169868,3,0.6
550,0.440049085,0.419337418,3,0.6
551,0.438702359,0.418498992,3,0.6
552,0.438012355,0.418162522,3,0.6
553,0.438275663,0.417801875,3,0.6
554,0.438228868,0.417229346,3,0.6
555,0.438116376,0.416657807,3,0.6
556,0.437865141,0.416122975,3,0.6
557,0.437693659,0.415069158,3,0.6
558,0.436676125,0.414400669,3,0.6
559,0.435901315,0.41384827,3,0.6
560,0.436034404,0.413895761,3,0.6
561,0.435980596,0.413459448,3,0.8
562,0.43572991,0.412975425,3,0.8
563,0.43570461,0.412308596,3,0.8
564,0.435384305,0.411753278,3,0.8
565,0.434481012,0.410844657,3,0.8
566,0.433933261,0.41038268,3,0.8
567,0.433332981,0.410747784,3,0.8
568,0.43385009,0.410774989,3,0.8
569,0.43365195,0.411091808,3,0.8
570,0.43358739,0.411639321,3,0.8
571,0.433544429,0.412402714,3,0.8
572,0.433590341,0.413381671,3,0.8
573,0.432336479,0.414440981,3,0.8
574,0.431769386,0.416582948,3,0.8
575,0.432076754,0.418969093,3,0.8
576,0.432169217,0.421543764,3,0.8
577,0.432005417,0.42438873,3,0.8
578,0.431945754,0.427834001,3,0.8
579,0.431831403,0.433974015,3,0.8
580,0.430566402,0.438304591,3,0.8
581,0.430387422,0.443589596,3,0.8
582,0.430812886,0.448746502,3,0.8
583,0.43095438,0.454225467,3,0.8
584,0.431045687,0.460004501,3,0.8
585,0.431193879,0.466159016,3,0.8
586,0.430810839,0.472259356,3,0.8
587,0.430681111,0.478590806,3,0.8
588,0.430620737,0.48601803,3,0.8
589,0.431368557,0.493129178,3,0.8
590,0.432105038,0.500422173,3,0.8
591,0.432759567,0.5077027,3,0.8
592,0.433387982,0.515172254,3,0.8
593,0.434122191,0.522060045,3,0.8
594,0.434162894,0.529538972,3,0.8
595,0.434600801,0.537021408,3,0.8
596,0.435923466,0.545364167,3,0.8
597,0.437266352,0.552960321,3,0.8
598,0.438589357,0.560360354,3,0.8
599,0.439884572,0.567917467,3,0.8
600,0.441239346,0.575235247,3,0.8
601,0.442788285,0.582077127,3,0.8
602,0.443233829,0.589473671,3,0.8
603,0.445156972,0.597368271,3,0.8
604,0.447106032,0.604716106,3,0.8
605,0.449171,0.611872551,3,0.8
606,0.451165562,0.618789228,3,0.8
607,0.453302615,0.625624427,3,0.8
608,0.454845304,0.631657207,3,0.8
609,0.456673814,0.638330678,3,0.8
610,0.458646099,0.645811756,3,0.8
611,0.461726323,0.652447444,3,0.8
612,0.464438257,0.658911812,3,0.8
613,0.467072391,0.665166561,3,0.8
614,0.469759985,0.671367858,3,0.8
615,0.472674059,0.676803869,3,0.8
616,0.474341337,0.682837245,3,0.8
617,0.476688969,0.689530538,3,0.8
618,0.480118065,0.696164348,3,0.8
619,0.483290542,0.701883192,3,0.8
620,0.486247162,0.707745396,3,0.8
621,0.489338378,0.713238196,3,0.8
622,0.492462812,0.717846984,3,0.8
623,0.494859714,0.723461446,3,0.8
624,0.497530785,0.728797548,3,0.8
625,0.501166287,0.734993685,3,0.8
626,0.504588421,0.740262321,3,0.8
627,0.508020452,0.745830092,3,0.8
628,0.511488252,0.751187429,3,0.8
629,0.514839347,0.756267578,3,0.8
630,0.517425708,0.760123824,3,0.8
631,0.520273972,0.764624662,3,0.8
632,0.523354884,0.770130489,3,0.8
633,0.527548086,0.77475839,3,0.8
634,0.531113598,0.778888441,3,0.8
635,0.53459304,0.782133038,3,0.8
636,0.538015569,0.784380492,3,0.8
637,0.541098892,0.786213576,3,0.8
638,0.543683206,0.785741412,3,0.8
639,0.546737552,0.786584471,3,0.8
640,0.550822301,0.785674838,3,0.8
641,0.554485607,0.784009039,3,0.8
642,0.557975553,0.781611263,3,0.8
643,0.561461318,0.77877789,3,0.8
644,0.564668509,0.774782675,3,0.8
645,0.567187594,0.771575694,3,0.8
646,0.569864519,0.767987933,3,0.8
647,0.573665859,0.765534301,3,0.8
648,0.577038128,0.761944453,3,0.8
649,0.580380301,0.758534529,3,0.8
650,0.583453847,0.755001761,3,0.8
651,0.586385832,0.751562214,3,0.8
652,0.588136537,0.747033309,3,0.8
653,0.590304014,0.743339016,3,0.8
654,0.592371133,0.740617605,3,0.8
655,0.595633705,0.737094167,3,0.8
656,0.597852099,0.733543476,3,0.8
657,0.599931766,0.730060958,3,0.8
658,0.60194432,0.726593101,3,0.8
659,0.603957251,0.723099213,3,0.8
660,0.604226116,0.719412449,3,0.8
661,0.605297642,0.717169191,3,0.8
662,0.607388307,0.714271723,3,0.8
663,0.608938312,0.711429052,3,0.8
664,0.6102189,0.708473448,3,0.8
665,0.611378687,0.705634913,3,0.8
666,0.612439174,0.701928465,3,0.8
667,0.612392876,0.699155556,3,0.8
668,0.612679758,0.696410884,3,0.8
669,0.613858698,0.694700103,3,0.8
670,0.614816258,0.692264853,3,0.8
671,0.615470467,0.689839027,3,0.8
672,0.616044578,0.68718661,3,0.8
673,0.616240389,0.684562666,3,0.8
674,0.615636296,0.681376188,3,0.8
675,0.615525654,0.678734677,3,0.8
676,0.615167861,0.677115783,3,0.8
677,0.616151132,0.674950965,3,0.8
678,0.616446653,0.672729076,3,0.8
679,0.616419189,0.670456571,3,0.8
680,0.616342475,0.668044544,3,0.8
681,0.615599306,0.665273254,3,0.8
682,0.614975055,0.662662857,3,0.8
683,0.614227132,0.661092298,3,0.8
684,0.614525371,0.658982927,3,0.8
685,0.614577857,0.656952139,3,0.8
686,0.614293427,0.654657317,3,0.8
687,0.613898164,0.652290157,3,0.8
688,0.613402027,0.649171256,3,0.8
689,0.611869161,0.646927973,3,0.8
690,0.61063479,0.644709743,3,0.8
691,0.610564278,0.643395931,3,0.8
692,0.610282141,0.641278229,3,0.8
693,0.609275965,0.639225876,3,0.8
694,0.608896478,0.637237056,3,0.8
695,0.608136231,0.635242326,3,0.8
696,0.606988165,0.632042051,3,0.8
697,0.605121249,0.629925335,3,0.8
698,0.604612536,0.628561315,3,0.8
699,0.604173062,0.626777582,3,0.8
700,0.603215764,0.624894875,3,0.8
701,0.602350818,0.623037045,3,0.8
702,0.601554449,0.6213512,3,0.8
703,0.59980087,0.6185104,3,0.8
704,0.598439867,0.616238192,3,0.8
705,0.596997468,0.615005898,3,0.8
706,0.596689035,0.612835026,3,0.8
707,0.595770532,0.610893748,3,0.8
708,0.594806382,0.608977408,3,0.8
709,0.593803452,0.606983959,3,0.8
710,0.592984165,0.604922577,3,0.8
711,0.590485559,0.602674423,3,0.8
712,0.58894794,0.601378113,3,0.8
713,0.58852319,0.599891524,3,0.8
714,0.587709934,0.598030211,3,0.8
715,0.58673212,0.596109684,3,0.8
716,0.585725359,0.594379693,3,0.8
717,0.584711723,0.591868833,3,0.8
718,0.582740659,0.590140802,3,0.8
719,0.580998613,0.588479651,3,0.8
720,0.580377317,0.587621433,3,0.8
721,0.579574479,0.58590905,3,0.8
722,0.578755267,0.584123239,3,0.8
723,0.577712157,0.582209431,3,0.8
724,0.576531752,0.580516622,3,0.8
725,0.574751876,0.578144913,3,0.8
726,0.573067927,0.57627021,3,0.8
727,0.571704751,0.575334109,3,0.8
728,0.571327621,0.573848483,3,0.8
729,0.570506715,0.571898584,3,0.8
730,0.568747834,0.569214656,3,0.8
731,0.566051184,0.565633856,3,0.8
732,0.563293098,0.56375504,3,0.8
733,0.561693936,0.560626844,3,0.8
734,0.559662897,0.556145248,3,0.8
735,0.55681741,0.553085881,3,0.8
736,0.554783498,0.550979017,3,0.8
737,0.553648217,0.549344065,3,0.8
738,0.552749254,0.547828805,3,0.8
739,0.551822277,0.546279154,3,0.8
740,0.550773087,0.544088092,3,0.8
741,0.548700787,0.542628418,3,0.8
742,0.547138839,0.541199022,3,0.8
743,0.546630887,0.540495356,3,0.8
744,0.545889022,0.539091582,3,0.8
745,0.545096469,0.537792621,3,0.8
746,0.544182707,0.53646366,3,0.8
747,0.543191832,0.535051968,3,0.8
748,0.541503281,0.532877159,3,0.8
749,0.540041843,0.531476133,3,0.8
750,0.538675739,0.530859127,3,0.8
751,0.538539527,0.529669849,3,0.8
752,0.537701106,0.528482781,3,0.8
753,0.536933683,0.527206059,3,0.8
754,0.536089764,0.525993077,3,0.8
755,0.53540822,0.524377922,3,0.8
756,0.53318323,0.52275313,3,0.8
757,0.531774774,0.521729929,3,0.8
758,0.531451108,0.520883888,3,0.8
759,0.530823854,0.519617776,3,0.8
760,0.529916338,0.5183223,3,0.8
761,0.52910105,0.517183074,3,0.8
762,0.52824027,0.515302741,3,0.8
763,0.52654364,0.514030825,3,0.8
764,0.525141519,0.512798843,3,0.8
765,0.524836485,0.512217465,3,0.8
766,0.524201058,0.511142404,3,0.8
767,0.523478292,0.510048264,3,0.8
768,0.522758245,0.508943197,3,0.8
769,0.522012311,0.508016603,3,0.8
770,0.520552216,0.505945939,3,0.8
771,0.519160459,0.504627484,3,0.8
772,0.518288091,0.503921034,3,0.8
773,0.518016367,0.502864066,3,0.8
774,0.517350995,0.501760131,3,0.8
775,0.516700617,0.500654756,3,0.8
776,0.515798384,0.49947409,3,0.8
777,0.514461944,0.497704967,3,0.8
778,0.513108526,0.496410922,3,0.8
779,0.511988244,0.496074086,3,0.8
780,0.511998496,0.495118727,3,0.8
781,0.511456795,0.494031025,3,0.8
782,0.510803115,0.493052658,3,0.8
783,0.51015118,0.492012439,3,0.8
784,0.509358741,0.490512916,3,0.8
785,0.507688637,0.48954258,3,0.8
786,0.506502313,0.488847849,3,0.8
787,0.506344108,0.488744405,3,0.8
788,0.505840481,0.487909238,3,0.8
789,0.505197475,0.486647774,3,0.8
790,0.504505696,0.485431847,3,0.8
791,0.503816183,0.483647229,3,0.8
792,0.502376516,0.482549379,3,0.8
793,0.501165814,0.481474326,3,0.8
794,0.500879121,0.481044405,3,0.8
795,0.500520154,0.480102471,3,0.8
796,0.499932912,0.479046555,3,0.8
797,0.499184083,0.478040166,3,0.8
798,0.49862394,0.4771713,3,0.8
799,0.497447871,0.475663423,3,0.8
800,0.496262135,0.47458826,3,0.8
801,0.495347131,0.474234865,3,0.8
802,0.495529782,0.473288189,3,0.8
803,0.495023099,0.472477409,3,0.8
804,0.494557818,0.471491672,3,0.8
805,0.494004125,0.470442595,3,0.8
806,0.493387954,0.469141267,3,0.8
807,0.491917132,0.468033327,3,0.8
808,0.490763787,0.467082544,3,0.8
809,0.490719503,0.466748296,3,0.8
810,0.490324939,0.465927555,3,0.8
811,0.48993468,0.465157315,3,0.8
812,0.489404762,0.464358874,3,0.8
813,0.488788928,0.463456669,3,0.8
814,0.48796483,0.461920251,3,0.8
815,0.48643065,0.461067097,3,0.8
816,0.486127516,0.461012939,3,0.8
817,0.485963468,0.460514945,3,0.8
818,0.485627065,0.459826853,3,0.8
819,0.4851403,0.459037589,3,0.8
820,0.484637973,0.458324461,3,0.8
821,0.483465921,0.456965144,3,0.8
822,0.482511092,0.456137647,3,0.8
823,0.481690666,0.455890091,3,0.8
824,0.481809907,0.454985925,3,0.8
825,0.481490826,0.454285303,3,0.8
826,0.481096728,0.453631384,3,0.8
827,0.480694678,0.452844001,3,0.8
828,0.480054746,0.451475144,3,0.8
829,0.478704337,0.450720616,3,0.8
830,0.477806513,0.44974112,3,0.8
831,0.477816512,0.449274146,3,0.8
832,0.477615823,0.448307749,3,0.8
833,0.477190142,0.44737895,3,0.8
834,0.476841471,0.446529735,3,0.8
835,0.476368482,0.445765605,3,0.8
836,0.475163034,0.444268612,3,0.8
837,0.474256859,0.443431545,3,0.8
838,0.473473292,0.443376161,3,0.8
839,0.473785227,0.442913113,3,0.8
840,0.473618408,0.442272052,3,0.8
841,0.472973693,0.44073307,3,1
842,0.471939378,0.439899371,3,1
843,0.471002926,0.438683792,3,1
844,0.470172159,0.438648269,3,1
845,0.470261681,0.438315983,3,1
846,0.470102735,0.438072322,3,1
847,0.469754835,0.438157373,3,1
848,0.469492277,0.438659071,3,1
849,0.469124903,0.439006649,3,1
850,0.467834284,0.44028809,3,1
851,0.466863249,0.442233762,3,1
852,0.466972035,0.445550669,3,1
853,0.466710102,0.448859217,3,1
854,0.466533424,0.453005499,3,1
855,0.466226351,0.457860558,3,1
856,0.465964416,0.463247669,3,1
857,0.465553662,0.469177255,3,1
858,0.46415002,0.476149827,3,1
859,0.464073955,0.484586225,3,1
860,0.463963413,0.493286464,3,1
861,0.464118744,0.502487547,3,1
862,0.464095413,0.512253944,3,1
863,0.464212851,0.522400985,3,1
864,0.463578142,0.532135983,3,1
865,0.46321505,0.542868452,3,1
866,0.463263202,0.55446602,3,1
867,0.464107333,0.566084253,3,1
868,0.464894473,0.577601761,3,1
869,0.465709578,0.589052871,3,1
870,0.466504677,0.600502611,3,1
871,0.467311709,0.611256524,3,1
872,0.467677396,0.622482754,3,1
873,0.468546917,0.633629639,3,1
874,0.470418104,0.645532295,3,1
875,0.472231013,0.656330088,3,1
876,0.474188697,0.667143888,3,1
877,0.476467651,0.677567607,3,1
878,0.478712166,0.687673252,3,1
879,0.481101243,0.696819728,3,1
880,0.482431882,0.70644983,3,1
881,0.485411083,0.716940379,3,1
882,0.488575576,0.726399473,3,1
883,0.491777501,0.735541252,3,1
884,0.495076708,0.744525221,3,1
885,0.498470023,0.753284231,3,1
886,0.501350549,0.761101174,3,1
887,0.504544039,0.76936617,3,1
888,0.507865646,0.778619061,3,1
889,0.512446383,0.786854814,3,1
890,0.516689019,0.794725573,3,1
891,0.52091464,0.802315062,3,1
892,0.52517864,0.809611886,3,1
893,0.529709263,0.815985212,3,1
894,0.532746025,0.823205915,3,1
895,0.536825187,0.831022273,3,1
896,0.541983723,0.838744455,3,1
897,0.546718731,0.845746352,3,1
898,0.551611745,0.852761273,3,1
899,0.556429318,0.859198222,3,1
900,0.561213699,0.865567745,3,1
901,0.5660508,0.871140405,3,1
902,0.569428252,0.877644425,3,1
903,0.574834862,0.885060368,3,1
904,0.58016294,0.891237655,3,1
905,0.58527606,0.897372292,3,1
906,0.590341334,0.903046302,3,1
907,0.595482727,0.908594794,3,1
908,0.599720679,0.913191992,3,1
909,0.604286534,0.918439145,3,1
910,0.608880354,0.925094226,3,1
911,0.614721925,0.930630215,3,1
912,0.620059014,0.9360093,3,1
913,0.62525673,0.941377197,3,1
914,0.630351223,0.946660167,3,1
915,0.635374766,0.950322649,3,1
916,0.639274387,0.953648044,3,1
917,0.643678839,0.955645511,3,1
918,0.649621172,0.957571043,3,1
919,0.655144239,0.95687811,3,1
920,0.66036324,0.954862624,3,1
921,0.665541608,0.950915635,3,1
922,0.670233797,0.945372485,3,1
923,0.674682958,0.94036808,3,1
924,0.678503306,0.93508363,3,1
925,0.683877754,0.930723023,3,1
926,0.688972462,0.925055929,3,1
927,0.693811392,0.919596217,3,1
928,0.698375922,0.913995961,3,1
929,0.702781499,0.908155664,3,1
930,0.705940569,0.90166183,3,1
931,0.709654931,0.896357124,3,1
932,0.713100939,0.89223563,3,1
933,0.717663716,0.887514009,3,1
934,0.72122041,0.88266946,3,1
935,0.724613723,0.87773295,3,1
936,0.727786341,0.872575088,3,1
937,0.730915898,0.866871234,3,1
938,0.731994745,0.862148891,3,1
939,0.733868419,0.857895673,3,1
940,0.736850248,0.854284139,3,1
941,0.739148841,0.850202954,3,1
942,0.741226682,0.846040054,3,1
943,0.743057065,0.841931113,3,1
944,0.744565635,0.836595587,3,1
945,0.745087656,0.832643105,3,1
946,0.74534003,0.82874307,3,1
947,0.747016376,0.825965079,3,1
948,0.748482801,0.822489062,3,1
949,0.749593724,0.818794947,3,1
950,0.750386058,0.815109672,3,1
951,0.751050371,0.811566127,3,1
952,0.750371577,0.807142133,3,1
953,0.750338163,0.803700031,3,1
954,0.750192994,0.801663904,3,1
955,0.751465132,0.798947094,3,1
956,0.751721808,0.79603993,3,1
957,0.751885144,0.792733955,3,1
958,0.751882217,0.789657555,3,1
959,0.752096916,0.785896783,3,1
960,0.750015885,0.782970076,3,1
961,0.749209949,0.78062063,3,1
962,0.749525772,0.778774345,3,1
963,0.749457461,0.776157102,3,1
964,0.749046662,0.773259047,3,1
965,0.748440092,0.770123956,3,1
966,0.747514202,0.767291122,3,1
967,0.746573961,0.762881306,3,1
968,0.744365186,0.760051064,3,1
969,0.743769072,0.758192952,3,1
970,0.743346332,0.755423247,3,1
971,0.742549611,0.752731732,3,1
972,0.741492601,0.749989542,3,1
973,0.740298864,0.746969775,3,1
974,0.737876657,0.743327041,3,1
975,0.736103086,0.74058901,3,1
976,0.734641591,0.738633214,3,1
977,0.734300595,0.735369164,3,1
978,0.732517281,0.730366484,3,1
979,0.730101415,0.724741908,3,1
980,0.726400337,0.72024707,3,1
981,0.724088019,0.718283841,3,1
982,0.722714471,0.715581561,3,1
983,0.721487209,0.713244949,3,1
984,0.719916449,0.710769385,3,1
985,0.718537155,0.708235587,3,1
986,0.71594752,0.70471998,3,1
987,0.713772318,0.701761762,3,1
988,0.711503351,0.700304886,3,1
989,0.710935823,0.697962078,3,1
990,0.70955585,0.695219123,3,1
991,0.707916719,0.692460864,3,1
992,0.706252819,0.689653249,3,1
993,0.704519048,0.686417731,3,1
994,0.701740519,0.684076963,3,1
995,0.699352339,0.681830907,3,1
996,0.698273889,0.680432544,3,1
997,0.696993145,0.678184411,3,1
998,0.695268222,0.676081979,3,1
999,0.693611794,0.673939566,3,1
1000,0.691929981,0.671848248,3,1
1001,0.689247262,0.668281854,3,1
1002,0.687064489,0.665595651,3,1
1003,0.685260973,0.664048815,3,1
1004,0.684301426,0.661959082,3,1
1005,0.682845399,0.659770362,3,1
1006,0.681310809,0.65773283,3,1
1007,0.679526033,0.655741908,3,1
1008,0.677242179,0.653852144,3,1
1009,0.674842287,0.651118266,3,1
1010,0.67243556,0.650098524,3,1
1011,0.671356324,0.648484603,3,1
1012,0.669930315,0.646578134,3,1
1013,0.668577099,0.644451614,3,1
1014,0.667014109,0.642549054,3,1
1015,0.665383782,0.639759579,3,1
1016,0.662566464,0.637560239,3,1
1017,0.660358102,0.635283795,3,1
1018,0.659336535,0.634027047,3,1
1019,0.657931498,0.632120628,3,1
1020,0.656456929,0.630270557,3,1
1021,0.654887477,0.628439433,3,1
1022,0.653219236,0.626750379,3,1
1023,0.651152885,0.623202598,3,1
1024,0.64833812,0.620755698,3,1
1025,0.646768931,0.619608365,3,1
1026,0.645749588,0.617794985,3,1
1027,0.644509543,0.616176457,3,1
1028,0.643006452,0.614675205,3,1
1029,0.641560503,0.612894806,3,1
1030,0.639062242,0.610285919,3,1
1031,0.637147998,0.607858326,3,1
1032,0.635176245,0.606397885,3,1
1033,0.634281302,0.604346028,3,1
1034,0.633077611,0.602467715,3,1
1035,0.63171842,0.600584796,3,1
1036,0.6302545,0.598706349,3,1
1037,0.628713348,0.5962009,3,1
1038,0.626084901,0.594254559,3,1
1039,0.623935232,0.592385094,3,1
1040,0.623202964,0.591369872,3,1
1041,0.621907679,0.589769835,3,1
1042,0.62084687,0.588409044,3,1
1043,0.619701477,0.587141241,3,1
1044,0.618452186,0.58549483,3,1
1045,0.61710917,0.583083746,3,1
1046,0.614345353,0.581483473,3,1
1047,0.61334614,0.580740287,3,1
1048,0.612235504,0.579455759,3,1
1049,0.610997781,0.577955271,3,1
1050,0.609638779,0.576282849,3,1
1051,0.608318328,0.574400147,3,1
1052,0.60623835,0.571988155,3,1
1053,0.604342139,0.570209311,3,1
1054,0.602591059,0.569409454,3,1
1055,0.602119412,0.568203217,3,1
1056,0.601001334,0.567123693,3,1
1057,0.599862716,0.565940206,3,1
1058,0.598473378,0.564457649,3,1
1059,0.597198509,0.562256537,3,1
1060,0.594896275,0.560723958,3,1
1061,0.592990738,0.559331689,3,1
1062,0.592416374,0.558693062,3,1
1063,0.591448856,0.557384686,3,1
1064,0.59028719,0.556162123,3,1
1065,0.589172308,0.554860296,3,1
1066,0.587989308,0.553583398,3,1
1067,0.585746645,0.551289179,3,1
1068,0.584071468,0.549801176,3,1
1069,0.582616354,0.549233989,3,1
1070,0.582161568,0.547744732,3,1
1071,0.581148264,0.546104044,3,1
1072,0.580115192,0.544648569,3,1
1073,0.578891156,0.543368014,3,1
1074,0.576904091,0.541496654,3,1
1075,0.575109222,0.54030767,3,1
1076,0.57361108,0.539959602,3,1
1077,0.573285726,0.538992043,3,1
1078,0.572296371,0.537853532,3,1
1079,0.571340644,0.536607316,3,1
1080,0.570363425,0.535373125,3,1
1081,0.569287705,0.533399164,3,1
1082,0.567057124,0.531942462,3,1
1083,0.565430937,0.530723168,3,1
1084,0.564965794,0.530235433,3,1
1085,0.564199345,0.529029038,3,1
1086,0.563359782,0.527707692,3,1
1087,0.56226146,0.52638347,3,1
1088,0.561164498,0.525172465,3,1
1089,0.560081783,0.523583482,3,1
1090,0.557819799,0.522484483,3,1
1091,0.557198052,0.521847098,3,1
1092,0.556384755,0.52080704,3,1
1093,0.555662193,0.519657011,3,1
1094,0.55475719,0.518374972,3,1
1095,0.553708791,0.516874355,3,1
1096,0.552037322,0.514724275,3,1
1097,0.55066491,0.513250301,3,1
1098,0.549267911,0.512665376,3,1
1099,0.548343699,0.510831543,3,1
1100,0.547506279,0.509735763,3,1
1101,0.546617342,0.508703761,3,1
1102,0.545769775,0.507168021,3,1
1103,0.543984668,0.506065225,3,1
1104,0.542157337,0.504636764,3,1
1105,0.54154094,0.50361509,3,1
1106,0.540912915,0.502364152,3,1
1107,0.540116992,0.501032069,3,1
1108,0.539300253,0.499705808,3,1
1109,0.538394824,0.497868138,3,1
1110,0.536278716,0.496836176,3,1
1111,0.535699906,0.496437683,3,1
1112,0.535180963,0.49562563,3,1
1113,0.534577541,0.494669159,3,1
1114,0.533830016,0.49386586,3,1
1115,0.531498332,0.491528861,3,1
1116,0.530231275,0.490215675,3,1
1117,0.529083228,0.489775579,3,1
1118,0.528994991,0.488948172,3,1
1119,0.528529435,0.488039979,3,1
1120,0.527754636,0.487308791,3,1
1121,0.523566542,0.483315049,3,1.2
1122,0.523398787,0.48276467,3,1.2
1123,0.522930925,0.48175466,3,1.2
1124,0.52231096,0.48080559,3,1.2
1125,0.521676708,0.479920165,3,1.2
1126,0.520915898,0.478946202,3,1.2
1127,0.519537738,0.479016718,3,1.2
1128,0.517972359,0.479397843,3,1.2
1129,0.517666595,0.481484501,3,1.2
1130,0.517301444,0.484012255,3,1.2
1131,0.516870493,0.487575106,3,1.2
1132,0.516284457,0.492091863,3,1.2
1133,0.515676488,0.497855611,3,1.2
1134,0.514295884,0.504385272,3,1.2
1135,0.513265341,0.517475295,3,1.2
1136,0.51267926,0.528460231,3,1.2
1137,0.512327095,0.54009369,3,1.2
1138,0.511998859,0.553078852,3,1.2
1139,0.511596312,0.567030888,3,1.2
1140,0.510992682,0.582526003,3,1.2
1141,0.510158473,0.597061368,3,1.2
1142,0.509327599,0.613252375,3,1.2
1143,0.509299505,0.630901156,3,1.2
1144,0.50988738,0.648146397,3,1.2
1145,0.510358212,0.665408819,3,1.2
1146,0.51089674,0.682220415,3,1.2
1147,0.511701311,0.698720041,3,1.2
1148,0.511954855,0.714506488,3,1.2
1149,0.512778115,0.730796673,3,1.2
1150,0.513603219,0.747922689,3,1.2
1151,0.516037866,0.763781315,3,1.2
1152,0.518378969,0.778821997,3,1.2
1153,0.520997421,0.79328907,3,1.2
1154,0.523744458,0.807241892,3,1.2
1155,0.526802841,0.819648807,3,1.2
1156,0.529220648,0.832639815,3,1.2
1157,0.532361354,0.845350249,3,1.2
1158,0.536762859,0.858924056,3,1.2
1159,0.54127167,0.87093688,3,1.2
1160,0.545805193,0.882729986,3,1.2
1161,0.550678823,0.893872608,3,1.2
1162,0.55552824,0.904548931,3,1.2
1163,0.560405839,0.913293027,3,1.2
1164,0.564896126,0.92334128,3,1.2
1165,0.570635431,0.934475925,3,1.2
1166,0.576946093,0.944379313,3,1.2
1167,0.583084897,0.953771319,3,1.2
1168,0.58930306,0.962654584,3,1.2
1169,0.595585452,0.971183947,3,1.2
1170,0.601253252,0.978569707,3,1.2
1171,0.60721348,0.986622615,3,1.2
1172,0.613482362,0.995945205,3,1.2
1173,0.621141996,1.004218555,3,1.2
1174,0.628234132,1.012074673,3,1.2
1175,0.635253823,1.020008369,3,1.2
1176,0.642408392,1.027282919,3,1.2
1177,0.649739266,1.034395827,3,1.2
1178,0.655379643,1.040696871,3,1.2
1179,0.661983865,1.048702691,3,1.2
1180,0.669883061,1.056391129,3,1.2
1181,0.677338897,1.063243484,3,1.2
1182,0.684768523,1.06975065,3,1.2
1183,0.692090719,1.075662897,3,1.2
1184,0.699085506,1.082030116,3,1.2
1185,0.705863745,1.086863149,3,1.2
1186,0.711766574,1.093785393,3,1.2
1187,0.71933299,1.101944887,3,1.2
1188,0.727110443,1.108339181,3,1.2
1189,0.734481769,1.114538932,3,1.2
1190,0.741550078,1.120919931,3,1.2
1191,0.748727932,1.127089616,3,1.2
1192,0.754836212,1.131970445,3,1.2
1193,0.761288099,1.138238141,3,1.2
1194,0.767867231,1.146015447,3,1.2
1195,0.775930498,1.152486045,3,1.2
1196,0.7830686,1.158030862,3,1.2
1197,0.78982743,1.162713155,3,1.2
1198,0.796822604,1.165548819,3,1.2
1199,0.803747278,1.164817227,3,1.2
1200,0.808979326,1.163467811,3,1.2
1201,0.815229516,1.160743564,3,1.2
1202,0.822978167,1.157604666,3,1.2
1203,0.82971597,1.151933002,3,1.2
1204,0.836491847,1.14518422,3,1.2
1205,0.843056555,1.137491492,3,1.2
1206,0.84949119,1.129479321,3,1.2
1207,0.855423014,1.120093398,3,1.2
1208,0.860060227,1.112459234,3,1.2
1209,0.866625113,1.105647577,3,1.2
1210,0.872941152,1.098216888,3,1.2
1211,0.878722991,1.090871067,3,1.2
1212,0.884391689,1.083507959,3,1.2
1213,0.889615588,1.07628315,3,1.2
1214,0.89346052,1.068359829,3,1.2
1215,0.897355061,1.061281228,3,1.2
1216,0.90076321,1.056305244,3,1.2
1217,0.906172978,1.050373396,3,1.2
1218,0.910196794,1.044303516,3,1.2
1219,0.913711825,1.038037318,3,1.2
1220,0.916786571,1.032006852,3,1.2
1221,0.919882246,1.025417541,3,1.2
1222,0.92034012,1.020092959,3,1.2
1223,0.922178877,1.015315792,3,1.2
1224,0.925433931,1.011252452,3,1.2
1225,0.927729343,1.006592756,3,1.2
1226,0.929634117,1.00145454,3,1.2
1227,0.931276565,0.996254273,3,1.2
1228,0.932529512,0.990696639,3,1.2
1229,0.933559013,0.985524221,3,1.2
1230,0.932665698,0.981376288,3,1.2
1231,0.934166562,0.97861235,3,1.2
1232,0.935314288,0.974385479,3,1.2
1233,0.936117701,0.970219098,3,1.2
1234,0.936490359,0.966253408,3,1.2
1235,0.937043828,0.962075022,3,1.2
1236,0.936108323,0.956814028,3,1.2
1237,0.935576893,0.952612815,3,1.2
1238,0.935116481,0.949741524,3,1.2
1239,0.935945696,0.945933331,3,1.2
1240,0.935829522,0.942225054,3,1.2
1241,0.935480013,0.938420817,3,1.2
1242,0.935166431,0.930912076,3,1.2
1243,0.932579383,0.924265294,3,1.2
1244,0.931152601,0.921828313,3,1.2
1245,0.931277093,0.918663429,3,1.2
1246,0.93050371,0.915476085,3,1.2
1247,0.929318888,0.912274528,3,1.2
1248,0.92817913,0.908767657,3,1.2
1249,0.926864084,0.905347874,3,1.2
1250,0.923843926,0.900495248,3,1.2
1251,0.921833832,0.897641836,3,1.2
1252,0.921427513,0.89392634,3,1.2
1253,0.920112574,0.8901516,3,1.2
1254,0.918730228,0.886452919,3,1.2
1255,0.917046285,0.882780217,3,1.2
1256,0.915207707,0.878193269,3,1.2
1257,0.912037735,0.874811742,3,1.2
1258,0.909560948,0.871658585,3,1.2
1259,0.908414308,0.869613262,3,1.2
1260,0.906850457,0.866471786,3,1.2
1261,0.905026074,0.862917994,3,1.2
1262,0.90295163,0.859547988,3,1.2
1263,0.900921477,0.856336285,3,1.2
1264,0.897242142,0.852178012,3,1.2
1265,0.894774998,0.84906039,3,1.2
1266,0.892272988,0.847095182,3,1.2
1267,0.891429263,0.844166139,3,1.2
1268,0.889536394,0.84100132,3,1.2
1269,0.887218951,0.837869169,3,1.2
1270,0.885071052,0.834615464,3,1.2
1271,0.881615874,0.830310006,3,1.2
1272,0.878799136,0.826542981,3,1.2
1273,0.87596957,0.824660786,3,1.2
1274,0.874806907,0.821925609,3,1.2
1275,0.872665014,0.81903445,3,1.2
1276,0.870537283,0.816090637,3,1.2
1277,0.868269292,0.813061608,3,1.2
1278,0.865748335,0.809088191,3,1.2
1279,0.862031515,0.806159057,3,1.2
1280,0.858872031,0.803224623,3,1.2
1281,0.857340187,0.801440286,3,1.2
1282,0.855320685,0.798603705,3,1.2
1283,0.853075547,0.79531419,3,1.2
1284,0.850529356,0.791851192,3,1.2
1285,0.848122618,0.788645587,3,1.2
1286,0.845777662,0.784754814,3,1.2
1287,0.841542966,0.782005803,3,1.2
1288,0.83967959,0.780422016,3,1.2
1289,0.837710704,0.777874357,3,1.2
1290,0.835604181,0.775322068,3,1.2
1291,0.833157327,0.772616122,3,1.2
1292,0.830867706,0.769848629,3,1.2
1293,0.827183925,0.766292667,3,1.2
1294,0.82420681,0.763595057,3,1.2
1295,0.821477923,0.761722713,3,1.2
1296,0.820290412,0.758978415,3,1.2
1297,0.817977583,0.756069241,3,1.2
1298,0.81581946,0.753195331,3,1.2
1299,0.81347753,0.750326733,3,1.2
1300,0.811108095,0.747221149,3,1.2
1301,0.807405292,0.744755963,3,1.2
1302,0.804059537,0.742530662,3,1.2
1303,0.802574617,0.741258268,3,1.2
1304,0.800677414,0.738973312,3,1.2
1305,0.798491389,0.736433826,3,1.2
1306,0.796366421,0.733814951,3,1.2
1307,0.793966104,0.730140894,3,1.2
1308,0.791090035,0.727607296,3,1.2
1309,0.78766362,0.725184867,3,1.2
1310,0.78597628,0.723713872,3,1.2
1311,0.784046344,0.721462047,3,1.2
1312,0.781939685,0.719143522,3,1.2
1313,0.779712492,0.716796092,3,1.2
1314,0.777490698,0.714099198,3,1.2
1315,0.77421124,0.71067787,3,1.2
1316,0.771473328,0.708244716,3,1.2
1317,0.768791168,0.706891958,3,1.2
1318,0.767674176,0.704851881,3,1.2
1319,0.765427464,0.702513455,3,1.2
1320,0.763432145,0.700105763,3,1.2
1321,0.76116457,0.697736338,3,1.2
1322,0.759425878,0.694987319,3,1.2
1323,0.755587294,0.69213552,3,1.2
1324,0.752902057,0.690355465,3,1.2
1325,0.75161604,0.688669876,3,1.2
1326,0.749813035,0.686656159,3,1.2
1327,0.747881566,0.684628418,3,1.2
1328,0.745752957,0.682462943,3,1.2
1329,0.743664773,0.679447353,3,1.2
1330,0.740425833,0.67718222,3,1.2
1331,0.737667335,0.675184591,3,1.2
1332,0.736357256,0.674060533,3,1.2
1333,0.734587043,0.672178957,3,1.2
1334,0.732744111,0.670251859,3,1.2
1335,0.730790887,0.668472251,3,1.2
1336,0.728706069,0.666771473,3,1.2
1337,0.725611983,0.663517658,3,1.2
1338,0.722913122,0.661338448,3,1.2
1339,0.720885256,0.660352214,3,1.2
1340,0.719733861,0.658780872,3,1.2
1341,0.71784876,0.656875106,3,1.2
1342,0.715801188,0.655025324,3,1.2
1343,0.713815287,0.65306172,3,1.2
1344,0.711105059,0.650716793,3,1.2
1345,0.708820127,0.648424789,3,1.2
1346,0.70646753,0.647298176,3,1.2
1347,0.70546263,0.645652857,3,1.2
1348,0.703865789,0.643932836,3,1.2
1349,0.702217936,0.642001496,3,1.2
1350,0.70034293,0.639939872,3,1.2
1351,0.69849659,0.636906925,3,1.2
1352,0.695451563,0.634942293,3,1.2
1353,0.692971534,0.633157342,3,1.2
1354,0.691804254,0.632147079,3,1.2
1355,0.690211474,0.630207913,3,1.2
1356,0.688638858,0.628642875,3,1.2
1357,0.686963507,0.627108605,3,1.2
1358,0.685121367,0.625645985,3,1.2
1359,0.68241443,0.623165872,3,1.2
1360,0.680222668,0.62135661,3,1.2
1361,0.678361743,0.62028168,3,1.2
1362,0.677459039,0.618427029,3,1.2
1363,0.676019529,0.616514851,3,1.2
1364,0.674466448,0.614713713,3,1.2
1365,0.672837373,0.612848917,3,1.2
1366,0.670290833,0.610427735,3,1.2
1367,0.668088137,0.608658432,3,1.2
1368,0.666001972,0.60765911,3,1.2
1369,0.66522692,0.606098086,3,1.2
1370,0.663864169,0.604682664,3,1.2
1371,0.662408715,0.603176755,3,1.2
1372,0.66087297,0.601563204,3,1.2
1373,0.6592458,0.599107375,3,1.2
1374,0.656519304,0.597418426,3,1.2
1375,0.653462812,0.595177086,3,1.2
1376,0.652253024,0.593488431,3,1.2
1377,0.650833701,0.591935562,3,1.2
1378,0.649443654,0.590502735,3,1.2
1379,0.648002015,0.589321459,3,1.2
1380,0.643581654,0.585368175,3,1.2
1381,0.642208059,0.584708275,3,1.2
1382,0.641350587,0.583334967,3,1.2
1383,0.640005597,0.582051157,3,1.2
1384,0.638631986,0.580470715,3,1.2
1385,0.637183735,0.579225052,3,1.2
1386,0.635072187,0.577305058,3,1.2
1387,0.633271418,0.575565217,3,1.2
1388,0.63136443,0.574851083,3,1.2
1389,0.630814466,0.573495523,3,1.2
1390,0.629819274,0.571890424,3,1.2
1391,0.627023603,0.568821954,3,1.2
1392,0.625730261,0.566917551,3,1.2
1393,0.623293269,0.565655617,3,1.2
1394,0.621401723,0.564428099,3,1.2
1395,0.620687182,0.563825433,3,1.2
1396,0.61968209,0.562537239,3,1.2
1397,0.618589253,0.561173299,3,1.2
1398,0.617194579,0.55973224,3,1.2
1399,0.615976197,0.558829352,3,1.2
1400,0.614327968,0.55656033,3,1.2
1401,0.608096931,0.55068525,3,1.5
1402,0.606869904,0.549257811,3,1.5
1403,0.604886668,0.547447518,3,1.5
1404,0.60327398,0.54601866,3,1.5
1405,0.601629079,0.545670401,3,1.5
1406,0.601278855,0.544830915,3,1.5
1407,0.600130339,0.544236757,3,1.5
1408,0.599274336,0.54457518,3,1.5
1409,0.59712145,0.54824779,3,1.5
1410,0.594918554,0.553046125,3,1.5
1411,0.593225192,0.560013953,3,1.5
1412,0.592805209,0.570101181,3,1.5
1413,0.591959163,0.581807207,3,1.5
1414,0.590017331,0.613183104,3,1.5
1415,0.588960295,0.632397493,3,1.5
1416,0.587974514,0.653652081,3,1.5
1417,0.585621312,0.677047298,3,1.5
1418,0.585040994,0.702680894,3,1.5
1419,0.58424511,0.755522507,3,1.5
1420,0.583888384,0.782057521,3,1.5
1421,0.584032526,0.808544546,3,1.5
1422,0.583354825,0.833521719,3,1.5
1423,0.583233835,0.858791201,3,1.5
1424,0.58574941,0.907925401,3,1.5
1425,0.587824835,0.930170379,3,1.5
1426,0.590230708,0.951086897,3,1.5
1427,0.593015819,0.970669417,3,1.5
1428,0.596397865,0.988430524,3,1.5
1429,0.603166907,1.023763009,3,1.5
1430,0.608897385,1.041704183,3,1.5
1431,0.614742583,1.057280184,3,1.5
1432,0.621011742,1.072360915,3,1.5
1433,0.627656089,1.086352329,3,1.5
1434,0.641532081,1.110977196,3,1.5
1435,0.648790751,1.123031739,3,1.5
1436,0.657089516,1.136264908,3,1.5
1437,0.666406859,1.148429433,3,1.5
1438,0.675599658,1.159922955,3,1.5
1439,0.694339071,1.181066881,3,1.5
1440,0.702985355,1.189827629,3,1.5
1441,0.712290095,1.201295732,3,1.5
1442,0.720663453,1.206748746,3,1.5
1443,0.726602425,1.213286464,3,1.5
1444,0.742678168,1.2284668,3,1.5
1445,0.748058944,1.233292642,3,1.5
1446,0.764227538,1.247607441,3,1.5
1447,0.779272838,1.260840717,3,1.5
1448,0.784348549,1.2645995,3,1.5
1449,0.799737994,1.279613132,3,1.5
1450,0.806101452,1.284241805,3,1.5
1451,0.811650641,1.288814968,3,1.5
1452,0.828114543,1.301743287,3,1.5
1453,0.833498257,1.305854131,3,1.5
1454,0.838817712,1.310040996,3,1.5
1455,0.853763039,1.321581779,3,1.5
1456,0.85915441,1.325777109,3,1.5
1457,0.874022869,1.338835815,3,1.5
1458,0.89104418,1.353556294,3,1.5
1459,0.896410018,1.358002125,3,1.5
1460,0.9121553,1.370927412,3,1.5
1461,0.917336205,1.374912647,3,1.5
1462,0.92235922,1.379015333,3,1.5
1463,0.936180301,1.389636818,3,1.5
1464,0.940929483,1.393653437,3,1.5
1465,0.951881784,1.403432435,3,1.5
1466,0.957038585,1.407259202,3,1.5
1467,0.972163326,1.41843554,3,1.5
1468,0.977089516,1.422123595,3,1.5
1469,0.986817182,1.428924889,3,1.5
1470,0.991978818,1.431196154,3,1.5
1471,0.997200123,1.431966856,3,1.5
1472,1.000581357,1.432617737,3,1.5
1473,1.004884363,1.433191143,3,1.5
1474,1.009536622,1.432920744,3,1.5
1475,1.019850505,1.432123885,3,1.5
1476,1.024671336,1.430177997,3,1.5
1477,1.029731745,1.427464237,3,1.5
1478,1.034544963,1.424265174,3,1.5
1479,1.0393381,1.420642433,3,1.5
1480,1.044043054,1.416496994,3,1.5
1481,1.053325612,1.407179023,3,1.5
1482,1.057849861,1.402044068,3,1.5
1483,1.062487058,1.395275494,3,1.5
1484,1.065357661,1.390405165,3,1.5
1485,1.069514218,1.383620917,3,1.5
1486,1.073759026,1.377900422,3,1.5
1487,1.081857242,1.368392999,3,1.5
1488,1.087471071,1.362972642,3,1.5
1489,1.091960144,1.358018463,3,1.5
1490,1.096525881,1.352865485,3,1.5
1491,1.100676995,1.347709626,3,1.5
1492,1.104809694,1.342295642,3,1.5
1493,1.108507382,1.3374674,3,1.5
1494,1.112693417,1.332365894,3,1.5
1495,1.116166013,1.327173731,3,1.5
1496,1.120025363,1.321816012,3,1.5
1497,1.121782087,1.317965408,3,1.5
1498,1.125005359,1.311567289,3,1.5
1499,1.128022014,1.307045944,3,1.5
1500,1.13073117,1.302681819,3,1.5
1501,1.133725299,1.299813669,3,1.5
1502,1.138102716,1.295369213,3,1.5
1503,1.141177967,1.291233308,3,1.5
1504,1.143924793,1.287057922,3,1.5
1505,1.146650809,1.283052979,3,1.5
1506,1.14924134,1.279150826,3,1.5
1507,1.151675123,1.275156387,3,1.5
1508,1.153744738,1.271329492,3,1.5
1509,1.155787134,1.267658796,3,1.5
1510,1.157840553,1.263925769,3,1.5
1511,1.159030041,1.258774677,3,1.5
1512,1.161565807,1.255673054,3,1.5
1513,1.161895772,1.251741482,3,1.5
1514,1.162864246,1.248582856,3,1.5
1515,1.169214971,1.24057361,3,1.5
1516,1.170820106,1.237553312,3,1.5
1517,1.172317546,1.234464564,3,1.5
1518,1.176197178,1.225519245,3,1.5
1519,1.177321175,1.222609004,3,1.5
1520,1.178256547,1.212416291,3,1.5
1521,1.179154285,1.209534297,3,1.5
1522,1.179560753,1.206610035,3,1.5
1523,1.180120545,1.203874911,3,1.5
1524,1.181567907,1.202495009,3,1.5
1525,1.184591289,1.194792813,3,1.5
1526,1.185142262,1.192339446,3,1.5
1527,1.185678227,1.18981592,3,1.5
1528,1.186869184,1.182145975,3,1.5
1529,1.187075578,1.179458983,3,1.5
1530,1.185670738,1.177395466,3,1.5
1531,1.185363353,1.167098374,3,1.5
1532,1.185263777,1.165376704,3,1.5
1533,1.18666994,1.157376964,3,1.5
1534,1.186531572,1.154569228,3,1.5
1535,1.186451969,1.152185561,3,1.5
1536,1.186178212,1.144181896,3,1.5
1537,1.185961332,1.142215712,3,1.5
1538,1.184240561,1.138121006,3,1.5
1539,1.182204078,1.131101579,3,1.5
1540,1.181619955,1.129951275,3,1.5
1541,1.181850639,1.123598904,3,1.5
1542,1.181159691,1.121469334,3,1.5
1543,1.180724941,1.119223614,3,1.5
1544,1.179546249,1.114792912,3,1.5
1545,1.178216374,1.109943233,3,1.5
1546,1.17253538,1.098058466,3,1.5
1547,1.171807822,1.094876544,3,1.5
1548,1.170613797,1.090042466,3,1.5
1549,1.168717716,1.085823791,3,1.5
1550,1.164964071,1.076733814,3,1.5
1551,1.162427154,1.071220449,3,1.5
1552,1.163844305,1.066625269,3,1.5
1553,1.162832683,1.063905735,3,1.5
1554,1.163248763,1.060225843,3,1.5
1555,1.160367713,1.052089004,3,1.5
1556,1.158498938,1.048119506,3,1.5
1557,1.156715882,1.043016118,3,1.5
1558,1.152953463,1.039205634,3,1.5
1559,1.149867971,1.03563469,3,1.5
1560,1.146406361,1.029928201,3,1.5
1561,1.143850042,1.026140939,3,1.5
1562,1.140822582,1.022677244,3,1.5
1563,1.138064677,1.019872542,3,1.5
1564,1.13477963,1.015254094,3,1.5
1565,1.127298254,1.01040803,3,1.5
1566,1.125205825,1.007593595,3,1.5
1567,1.12232115,1.004435625,3,1.5
1568,1.11931958,1.001334859,3,1.5
1569,1.11641321,0.998169263,3,1.5
1570,1.108227564,0.99148538,3,1.5
1571,1.104696816,0.989875949,3,1.5
1572,1.102560598,0.987084333,3,1.5
1573,1.099677954,0.984092958,3,1.5
1574,1.096948894,0.98137628,3,1.5
1575,1.09407959,0.978368605,3,1.5
1576,1.090983235,0.97420976,3,1.5
1577,1.085736094,0.971100587,3,1.5
1578,1.081881775,0.968297287,3,1.5
1579,1.080120377,0.966815781,3,1.5
1580,1.077237689,0.963960607,3,1.5
1581,1.071288061,0.957771626,3,1.5
1582,1.068059219,0.953206844,3,1.5
1583,1.063903919,0.950081814,3,1.5
1584,1.059659772,0.947061428,3,1.5
1585,1.057471242,0.945293952,3,1.5
1586,1.052049898,0.939043374,3,1.5
1587,1.048783675,0.936052375,3,1.5
1588,1.045883117,0.933553165,3,1.5
1589,1.041488364,0.930001865,3,1.5
1590,1.038230042,0.92715974,3,1.5
1591,1.03354572,0.922648962,3,1.5
1592,1.030672415,0.919401682,3,1.5
1593,1.027709725,0.916079668,3,1.5
1594,1.022354411,0.908674521,3,1.5
1595,1.017387712,0.906019836,3,1.5
1596,1.013869799,0.903654563,3,1.5
1597,1.012117558,0.902169352,3,1.5
1598,1.009440823,0.899338364,3,1.5
1599,1.00395271,0.893863235,3,1.5
1600,1.00115018,0.889672511,3,1.5
1601,0.997009836,0.886813082,3,1.5
1602,0.993457845,0.884023328,3,1.5
1603,0.991485204,0.88265979,3,1.5
1604,0.989073496,0.880122208,3,1.5
1605,0.983900655,0.875064778,3,1.5
1606,0.980763758,0.872402243,3,1.5
1607,0.976841343,0.868902259,3,1.5
1608,0.973709343,0.866175978,3,1.5
1609,0.970616585,0.864685895,3,1.5
1610,0.966813439,0.859424566,3,1.5
1611,0.964284731,0.856787102,3,1.5
1612,0.961615613,0.854041241,3,1.5
1613,0.959121774,0.850612538,3,1.5
1614,0.954925115,0.848034625,3,1.5
1615,0.949708525,0.844617896,3,1.5
1616,0.947613225,0.842835649,3,1.5
1617,0.945308224,0.840737738,3,1.5
1618,0.942895333,0.838646455,3,1.5
1619,0.94030958,0.836091963,3,1.5
1620,0.933437485,0.829423783,3,1.5
1621,0.930396359,0.828042075,3,1.5
1622,0.929345043,0.825896866,3,1.5
1623,0.926991478,0.823914983,3,1.5
1624,0.92451861,0.821596917,3,1.5
1625,0.922170521,0.819330237,3,1.5
1626,0.918793591,0.816826254,3,1.5
1627,0.915746918,0.813538024,3,1.5
1628,0.912720574,0.812191104,3,1.5
1629,0.911380186,0.810279525,3,1.5
1630,0.909339802,0.808015272,3,1.5
1631,0.904587165,0.804040921,3,1.5
1632,0.902346389,0.801315601,3,1.5
1633,0.899730874,0.799146226,3,1.5
1634,0.895773269,0.797023965,3,1.5
1635,0.89223387,0.793589141,3,1.5
1636,0.890113321,0.791726323,3,1.5
1637,0.88767831,0.789550123,3,1.5
1638,0.885538081,0.787428512,3,1.5
1639,0.882322433,0.784713482,3,1.5
1640,0.879339237,0.782377506,3,1.5
1641,0.875649246,0.779272938,3,1.5
1642,0.873804518,0.777101715,3,1.5
1643,0.871707778,0.775030818,3,1.5
1644,0.86967752,0.772887093,3,1.5
1645,0.867802689,0.770972844,3,1.5
1646,0.861317148,0.767033223,3,1.5
1647,0.860135045,0.765350896,3,1.5
1648,0.858335373,0.763381391,3,1.5
1649,0.856370338,0.761392879,3,1.5
1650,0.854302333,0.75959827,3,1.5
1651,0.848624954,0.754962118,3,1.5
1652,0.84603647,0.753404784,3,1.5
1653,0.84487641,0.752760801,3,1.5
1654,0.843217634,0.750940538,3,1.5
1655,0.841335382,0.749104776,3,1.5
1656,0.837316188,0.74600224,3,1.5
1657,0.834312571,0.742834712,3,1.5
1658,0.83169667,0.741078756,3,1.5
1659,0.829890393,0.740343499,3,1.5
1660,0.828795047,0.738897744,3,1.5
1661,0.827104709,0.737350137,3,1.5
1662,0.825266921,0.735437223,3,1.5
1663,0.823272894,0.733491595,3,1.5
1664,0.820127656,0.730940327,3,1.5
1665,0.817793707,0.729278753,3,1.5
1666,0.814690172,0.727078822,3,1.5
1667,0.813164561,0.725580323,3,1.5
1668,0.811433376,0.72398401,3,1.5
1669,0.809821982,0.722401484,3,1.5
1670,0.807808334,0.719927581,3,1.5
1671,0.802506457,0.716493679,3,1.5
1672,0.801394552,0.715887066,3,1.5
1673,0.800147785,0.714663119,3,1.5
1674,0.798618059,0.713178887,3,1.5
1675,0.79691215,0.711590206,3,1.5
1676,0.792300964,0.707438432,3,1.5
1677,0.790018079,0.705684565,3,1.5
1678,0.787951563,0.705104999,3,1.5
1679,0.787459631,0.703848601,3,1.5
1680,0.785960785,0.702387373,3,1.5
